id,target
1,11.816924
2,8.869006
3,2.4578412
4,7.3733325
5,-10.065601
6,8.476816
7,-10.162414
8,-8.135964
9,-12.364375
10,-13.982003
11,-2.641609
12,-7.806833
13,12.296336
14,-5.2249274
15,-4.9202766
16,-3.3630102
17,16.640726
18,2.8103957
19,8.598659
20,11.40886
21,7.1019015
22,-1.7985783
23,-2.1037045
24,-2.3166895
25,-0.72250044
26,-16.409958
27,2.5357468
28,-14.823422
29,3.0272877
30,1.4844971
31,-22.148285
32,-15.1034155
33,-18.489075
34,-2.6407988
35,-2.2326334
36,-6.304244
37,-6.7745347
38,1.8452909
39,-12.745681
40,3.3381336
41,16.516367
42,-11.55392
43,5.023613
44,-15.827088
45,2.8106582
46,-15.950158
47,-21.389141
48,-8.414832
49,-2.5208173
50,-5.5646033
51,3.9938276
52,2.0618758
53,-2.0664966
54,0.2489377
55,30.507124
56,2.8207824
57,22.20932
58,-4.9310794
59,-5.1951613
60,-8.670653
61,4.4908285
62,-12.508485
63,8.503114
64,-3.3070495
65,-8.353412
66,2.6324506
67,14.402332
68,12.569657
69,0.00016002357
70,-10.70044
71,20.302979
72,10.1717615
73,-3.618019
74,-7.6918855
75,6.6904173
76,7.5809317
77,-2.3219397
78,4.823117
79,8.972173
80,6.5884
81,11.275299
82,-11.444312
83,9.25763
84,-8.687115
85,6.9052796
86,-1.2376873
87,1.0158273
88,19.106653
89,10.321736
90,16.15417
91,7.7173233
92,18.141794
93,10.267633
94,6.1871676
95,-3.7218308
96,11.856126
97,15.388581
98,-0.7732985
99,-12.176726
100,-4.3196044
101,-6.797848
102,-4.707563
103,-0.6439271
104,-0.057713285
105,18.642328
106,6.5294204
107,10.659329
108,0.3958041
109,-0.281819
110,12.93707
111,0.83188933
112,8.462331
113,9.3736515
114,10.404267
115,15.124258
116,-13.315017
117,-8.381696
118,-5.422229
119,5.62604
120,-5.0876474
121,12.020384
122,-4.0841155
123,-3.5828366
124,-8.413771
125,25.069714
126,5.081182
127,12.482869
128,-6.983496
129,10.694175
130,15.484357
131,3.7984235
132,-6.265749
133,7.8580756
134,8.064044
135,-8.157651
136,-14.52609
137,-2.8450139
138,-9.768672
139,-5.470039
140,10.639311
141,-1.2083256
142,5.5466337
143,30.374344
144,15.869126
145,11.13434
146,10.397175
147,3.702678
148,39.52476
149,6.0824637
150,3.291881
151,-4.898353
152,-0.95586187
153,-7.489921
154,12.728051
155,-1.704145
156,9.908078
157,7.706244
158,28.549
159,-10.546436
160,-20.217731
161,3.8782506
162,-11.070802
163,-2.6295004
164,-10.141323
165,-5.1221843
166,-7.9762244
167,-4.774206
168,-4.7885156
169,8.220225
170,9.551307
171,-4.2472515
172,-8.794621
173,-12.209044
174,13.845903
175,13.586694
176,0.2788609
177,-9.487962
178,6.970203
179,-8.556846
180,-14.934285
181,14.298894
182,19.148388
183,6.922035
184,-1.0281231
185,2.6765392
186,16.785013
187,9.643123
188,-8.319297
189,13.002329
190,-5.5005374
191,9.211169
192,11.319342
193,28.971167
194,7.6871476
195,10.056512
196,-1.7723134
197,3.1951184
198,-6.652429
199,13.769061
200,10.247428
201,-5.2201056
202,-7.2072334
203,27.14719
204,-13.306926
205,14.352702
206,30.609737
207,8.350734
208,-11.708802
209,-9.008714
210,2.689804
211,24.749784
212,9.712722
213,15.051439
214,5.8453817
215,-5.526297
216,11.329249
217,22.549799
218,-6.8045154
219,1.9900723
220,13.362414
221,7.3203535
222,-3.8022096
223,11.3896265
224,13.194453
225,5.6986814
226,11.653315
227,1.0458741
228,-6.836474
229,-1.108541
230,2.8514519
231,-11.276708
232,3.4143815
233,-10.130761
234,30.391113
235,6.86712
236,-11.855084
237,10.371573
238,-12.407212
239,-11.701597
240,9.617572
241,5.277908
242,-11.846042
243,3.249617
244,15.691066
245,-6.69858
246,-10.135594
247,-14.419433
248,9.397943
249,21.509727
250,-12.938443
251,4.2460294
252,-4.693561
253,5.1235175
254,-3.8145883
255,15.64759
256,-2.076814
257,-3.0072024
258,18.865606
259,1.170172
260,-5.0377316
261,6.0756345
262,-3.7705548
263,27.91101
264,0.9276161
265,2.8632658
266,13.049199
267,-14.206094
268,7.952417
269,13.88991
270,11.30287
271,3.579557
272,8.566405
273,11.903075
274,4.0422034
275,12.843623
276,0.9926762
277,14.204894
278,4.797004
279,7.790041
280,2.1635947
281,-13.667922
282,-1.6969068
283,-9.362254
284,-9.600417
285,-3.073661
286,-9.058198
287,-6.4403577
288,-14.969338
289,13.214641
290,15.192727
291,-0.306268
292,-15.4420395
293,19.723124
294,-6.704099
295,9.8417845
296,-8.079114
297,0.5152166
298,19.09842
299,6.9018893
300,5.734124
301,6.949874
302,-5.2421923
303,19.52786
304,-9.540395
305,-13.624688
306,15.413605
307,5.822104
308,10.1368885
309,1.189995
310,4.3003926
311,9.203025
312,3.7533307
313,-6.7627316
314,-2.5045018
315,-13.873218
316,13.503331
317,8.652655
318,-8.490685
319,-3.6550994
320,-2.080035
321,-14.874531
322,1.5497508
323,-15.535684
324,-5.5029306
325,-1.8367882
326,-9.215787
327,-18.345335
328,-1.873297
329,-2.5289662
330,-4.5832086
331,-5.4101443
332,22.993444
333,11.113092
334,-12.456508
335,11.469841
336,-9.974474
337,0.44161326
338,-8.096594
339,-14.189469
340,-1.3984001
341,-6.984997
342,-4.8561263
343,-8.411382
344,-12.068572
345,-3.7273107
346,-4.94939
347,8.865744
348,-5.841742
349,-11.1627
350,-14.204616
351,-5.3698573
352,4.535108
353,-5.8489738
354,-10.784102
355,-8.728368
356,-8.828925
357,-9.600083
358,-4.315656
359,1.9576588
360,26.561945
361,23.16634
362,8.686036
363,16.579361
364,2.9407537
365,8.061485
366,1.4924631
367,-5.120284
368,11.040653
369,-8.911102
370,-11.840691
371,-10.271853
372,2.776129
373,-12.926324
374,16.490435
375,11.089031
376,14.494975
377,-9.10793
378,7.6564507
379,11.054691
380,8.947239
381,-5.865298
382,-0.48629242
383,8.0168705
384,11.07362
385,-9.162696
386,9.280419
387,-12.1544485
388,7.676581
389,9.710561
390,-4.9686275
391,4.103394
392,4.67198
393,-6.1455455
394,-0.68694484
395,-2.956064
396,-5.775782
397,10.649851
398,11.78117
399,7.6225967
400,-3.4769018
401,-12.231227
402,13.690118
403,12.490487
404,-12.086401
405,6.232111
406,9.102922
407,18.482811
408,-17.38117
409,-4.86466
410,-3.019336
411,-6.6399837
412,10.446243
413,3.9643621
414,-3.9646094
415,16.788712
416,13.962134
417,-12.250274
418,12.820577
419,1.3648536
420,-2.1704519
421,-9.99785
422,5.2480936
423,-11.837582
424,9.524566
425,-3.7841809
426,-5.3923807
427,20.546913
428,-11.370126
429,-8.488097
430,15.082377
431,-2.6657503
432,-8.946808
433,2.9573267
434,3.7186623
435,10.034634
436,-2.2480466
437,-12.665875
438,-15.712602
439,6.3500376
440,-6.961932
441,-0.4544096
442,-9.10552
443,11.685507
444,1.9335723
445,6.257618
446,1.6007478
447,1.8980427
448,-3.8076398
449,-4.2584925
450,0.1687055
451,2.5658333
452,-4.0548835
453,13.162126
454,-7.053553
455,-0.39354652
456,9.3199415
457,0.15130168
458,9.484572
459,-12.9076605
460,-13.7219715
461,-14.213885
462,5.074132
463,-1.7657351
464,8.379918
465,-7.5350494
466,-3.2435873
467,6.292543
468,-2.154311
469,7.0462103
470,-8.571111
471,-12.227382
472,-5.5212345
473,-7.3369365
474,-13.140587
475,10.595462
476,9.539271
477,-9.614414
478,5.7941794
479,-7.729489
480,-2.111235
481,-5.9687834
482,-8.67918
483,10.160312
484,-9.06911
485,-5.9564962
486,11.25317
487,0.7282242
488,5.1709895
489,-0.57417
490,-1.4449704
491,-9.931899
492,3.9868176
493,6.459518
494,-5.3106837
495,-2.0120375
496,1.627568
497,6.7019258
498,-6.9344797
499,-9.051049
500,-5.3097444
501,-11.605282
502,-9.641715
503,-8.975163
504,5.107453
505,-2.1786985
506,15.807187
507,11.687263
508,11.127729
509,8.510845
510,-9.188292
511,-11.795301
512,-6.5814624
513,9.594613
514,5.154777
515,8.052521
516,-18.453508
517,-3.5263116
518,-11.930997
519,9.112324
520,13.160779
521,1.92397
522,-8.616321
523,10.318288
524,1.4214809
525,-2.3129635
526,-2.6780703
527,-11.820905
528,4.1614175
529,-3.7433095
530,-9.747581
531,-4.134008
532,0.5091959
533,3.917725
534,-3.4428933
535,-1.9734306
536,-0.95707923
537,-9.342427
538,-6.9506645
539,3.8227916
540,10.888972
541,4.343956
542,1.6087859
543,-2.6483936
544,-1.892261
545,-5.9159727
546,-14.188508
547,1.2872083
548,23.048855
549,-14.765952
550,4.5010037
551,-12.343182
552,-1.0128124
553,-2.8228405
554,-11.194773
555,5.5888934
556,15.224687
557,1.2082849
558,-4.765673
559,2.9226205
560,-0.11151484
561,8.611286
562,-3.3030596
563,-15.5952835
564,-0.50923824
565,26.537563
566,-9.122329
567,-8.914889
568,-15.425209
569,-8.446016
570,-3.134379
571,8.9216795
572,-4.2366633
573,-12.834058
574,-13.766337
575,1.789016
576,15.334454
577,4.347135
578,-0.61699307
579,-10.192314
580,-8.232076
581,8.792289
582,-8.682855
583,-6.8212314
584,5.5573306
585,-5.0008883
586,2.6985016
587,-7.981855
588,9.687784
589,-0.3522106
590,-8.591506
591,4.026926
592,14.822987
593,-13.852897
594,8.037216
595,15.850951
596,-12.092584
597,20.223743
598,4.5308714
599,7.9131036
600,16.514565
601,-10.741596
602,-6.4881253
603,-9.35935
604,18.968899
605,-7.6434503
606,-12.16076
607,4.635164
608,1.0550239
609,14.666703
610,4.3794627
611,-7.4777956
612,-13.240676
613,-4.4085946
614,-10.54033
615,-8.436891
616,10.577611
617,-8.958297
618,-17.096737
619,-5.837343
620,9.5490675
621,-10.834756
622,-3.6151826
623,-16.60596
624,-10.973103
625,2.7240994
626,-16.385147
627,-12.256333
628,-2.6692646
629,8.76585
630,8.636846
631,-2.2212074
632,-13.018469
633,6.0838737
634,-0.47681725
635,1.4847105
636,-11.568248
637,1.3951933
638,8.676288
639,10.625667
640,-0.65500546
641,9.17516
642,15.705346
643,-0.39327124
644,-2.246093
645,-2.5568385
646,19.031343
647,5.750477
648,-8.90673
649,-9.014831
650,-11.191676
651,-11.862117
652,15.821153
653,-8.512877
654,29.663872
655,11.067327
656,-9.099591
657,9.447118
658,7.6095405
659,-8.533309
660,4.138992
661,3.8199012
662,8.86667
663,-14.824704
664,0.1549301
665,-7.3738427
666,1.3658023
667,-15.226981
668,-8.860198
669,-2.7949445
670,-15.110934
671,-10.16398
672,6.8378606
673,-5.1665893
674,1.9842408
675,11.734378
676,-6.0042386
677,-6.7552257
678,3.48125
679,23.780766
680,-9.308637
681,8.191868
682,15.2472925
683,16.47668
684,8.548213
685,12.645031
686,2.5697796
687,-1.5172155
688,15.193438
689,20.191322
690,4.084336
691,9.678676
692,6.248772
693,31.6431
694,6.564794
695,14.507525
696,4.8451934
697,-2.0472915
698,-10.937418
699,-5.2136326
700,2.2438917
701,8.643889
702,-7.006983
703,-14.612914
704,2.269234
705,4.8967977
706,3.8914702
707,16.45083
708,14.4597845
709,21.287462
710,5.041265
711,6.747888
712,-4.073893
713,-3.8893929
714,1.0525585
715,0.15825322
716,16.251186
717,-12.967179
718,0.44297856
719,0.7664156
720,4.043323
721,9.197917
722,9.066969
723,-18.577047
724,-9.132705
725,4.476339
726,10.506207
727,-8.992776
728,-13.136995
729,-4.9462485
730,10.584609
731,2.0841944
732,-5.753308
733,28.576857
734,4.5930715
735,-6.0208473
736,16.62458
737,-10.255639
738,1.4394035
739,10.176946
740,12.971892
741,6.486485
742,4.420503
743,-9.248754
744,-12.546156
745,-12.917492
746,2.0191877
747,10.160556
748,-15.469517
749,12.928304
750,22.10023
751,-7.4791417
752,-7.7399874
753,-3.3518445
754,-7.3393474
755,4.279468
756,20.52406
757,9.988742
758,-8.3693905
759,11.952999
760,23.423698
761,-13.76972
762,12.314837
763,-12.995692
764,-5.7532697
765,-5.493406
766,13.968624
767,6.5345893
768,8.308412
769,6.5826273
770,-0.12420049
771,5.7722025
772,19.298561
773,16.61723
774,-5.977138
775,-13.442756
776,-0.005239904
777,13.69687
778,31.752018
779,-5.9506636
780,8.047675
781,-14.351079
782,-12.636081
783,7.563334
784,22.26762
785,-9.324719
786,1.4513831
787,-10.443049
788,22.891888
789,7.960405
790,-3.361431
791,16.70881
792,-17.95532
793,10.502822
794,-4.1193433
795,15.497436
796,11.007571
797,-12.715602
798,-4.0079765
799,-13.269179
800,19.548832
801,-0.26768786
802,-1.6660364
803,9.419346
804,-5.5158935
805,-6.4630857
806,7.6863947
807,-17.299156
808,7.4556923
809,-4.4915566
810,16.22184
811,9.766801
812,21.1596
813,-1.5359733
814,-0.92103964
815,24.004616
816,-11.412402
817,0.1982966
818,5.5616355
819,4.1778684
820,-6.3963227
821,-2.681799
822,-1.9411547
823,-15.74088
824,-10.081124
825,-9.7621355
826,17.189226
827,1.6141138
828,6.678705
829,-0.42150706
830,6.8161817
831,16.502123
832,-3.7621055
833,-18.419968
834,-7.248466
835,17.622066
836,0.8207406
837,1.952522
838,-4.50295
839,22.124443
840,-8.763877
841,2.5538175
842,2.4309418
843,2.5807536
844,1.9555049
845,3.7052617
846,10.218564
847,30.568573
848,6.4695315
849,-6.169698
850,-7.6724744
851,-3.394826
852,-0.4272884
853,-1.9096143
854,-7.265947
855,-15.103663
856,-14.375067
857,8.079113
858,16.382229
859,4.743711
860,-5.2164598
861,14.242215
862,-2.064555
863,14.119067
864,7.27189
865,31.26642
866,9.500194
867,-9.666703
868,-5.9934106
869,-11.768573
870,6.390427
871,4.054617
872,19.5732
873,-1.8774805
874,10.318042
875,23.412495
876,12.78352
877,-11.46688
878,-11.921676
879,10.228861
880,17.927063
881,-2.449714
882,-10.518794
883,2.85489
884,14.157216
885,-15.726969
886,-9.551117
887,-11.164205
888,-7.364619
889,23.763985
890,18.636997
891,29.193287
892,10.9719
893,8.254943
894,-11.051654
895,2.098045
896,-12.516295
897,15.009923
898,-9.781362
899,-8.734361
900,6.712393
901,2.836411
902,10.587209
903,-10.668197
904,8.887175
905,3.0394077
906,10.812854
907,1.8469348
908,12.158395
909,-16.219381
910,17.578785
911,10.354062
912,-7.3564944
913,4.9033933
914,-10.707366
915,12.905303
916,-5.8669343
917,2.4543765
918,5.443204
919,13.130387
920,-3.5657623
921,-0.44070202
922,16.985947
923,-4.5614734
924,10.587993
925,22.052784
926,14.049019
927,7.052879
928,-12.706292
929,2.0723789
930,3.3206136
931,-13.166678
932,-2.8331532
933,21.327045
934,3.0721505
935,18.981533
936,1.1260419
937,3.6093695
938,-11.001208
939,8.210233
940,6.826993
941,-4.731712
942,11.611707
943,18.946281
944,9.196838
945,-1.0186853
946,8.433173
947,-20.792341
948,-11.600283
949,15.764737
950,11.46733
951,-11.416613
952,4.13962
953,-5.297851
954,-12.047058
955,3.7998457
956,8.753366
957,-6.7959237
958,8.483823
959,15.367431
960,10.714303
961,-10.283002
962,-12.600566
963,-3.7840903
964,-3.909341
965,1.9527686
966,8.847009
967,-11.605681
968,-12.657646
969,9.516938
970,-7.472217
971,-2.779995
972,-3.971238
973,-11.047046
974,9.76586
975,11.655287
976,11.999299
977,7.0504584
978,8.475158
979,24.360264
980,-9.787484
981,-9.438111
982,-11.660959
983,0.31122094
984,2.4098585
985,-18.2476
986,1.1681268
987,6.8443356
988,-13.056674
989,-12.7604
990,-8.896134
991,4.7840843
992,7.096757
993,9.948016
994,10.343509
995,-4.256178
996,11.322073
997,11.320458
998,12.899373
999,-1.3587437
1000,-13.2101
1001,-1.0031273
1002,6.944393
1003,13.935088
1004,7.9290004
1005,-9.831372
1006,11.019822
1007,-11.098267
1008,-8.631478
1009,5.9110394
1010,-2.351217
1011,8.911419
1012,11.952219
1013,21.130703
1014,-6.4268465
1015,2.642658
1016,2.207744
1017,-4.339398
1018,11.102864
1019,8.13231
1020,1.3262217
1021,16.804504
1022,11.795131
1023,-7.546317
1024,-3.647858
1025,-3.8181136
1026,-13.553418
1027,3.6087635
1028,8.544923
1029,8.053371
1030,10.724112
1031,13.576308
1032,11.072323
1033,-6.448965
1034,3.4255
1035,-9.240746
1036,-2.5259964
1037,-12.951948
1038,-13.759015
1039,-1.4205074
1040,14.544694
1041,-12.997443
1042,3.5619438
1043,1.3899789
1044,-14.199688
1045,-9.079938
1046,1.2323906
1047,-16.483906
1048,15.614103
1049,-7.4400954
1050,1.4319158
1051,7.0458007
1052,7.595634
1053,-8.121491
1054,-6.699162
1055,-1.3308346
1056,-0.08245
1057,-3.9671986
1058,-8.745595
1059,-0.84074175
1060,-0.48391175
1061,10.799325
1062,7.3406177
1063,-19.144958
1064,-5.784091
1065,-14.871455
1066,-9.374299
1067,-1.7353997
1068,-17.532114
1069,-8.756894
1070,-8.732051
1071,10.758714
1072,7.727486
1073,0.9793859
1074,-8.814745
1075,-11.711776
1076,-6.4940805
1077,2.4288228
1078,-2.1904655
1079,-7.782271
1080,-4.769756
1081,-11.854762
1082,-16.408958
1083,-4.766621
1084,-6.0447564
1085,3.8663216
1086,9.9217615
1087,10.866805
1088,-9.778632
1089,-19.33228
1090,15.693889
1091,-1.4599154
1092,13.756543
1093,-3.0542567
1094,-7.3148537
1095,16.402708
1096,8.525165
1097,9.011466
1098,5.7781353
1099,-8.296639
1100,-7.263474
1101,-13.291308
1102,-6.3975577
1103,8.303163
1104,10.032419
1105,-13.771552
1106,-5.0714717
1107,-10.619245
1108,-4.526836
1109,7.5212398
1110,4.5152764
1111,-2.624425
1112,21.64196
1113,-13.47404
1114,-10.396125
1115,0.5120286
1116,11.318687
1117,-8.026322
1118,-11.792702
1119,-14.169173
1120,-8.711789
1121,16.751812
1122,20.165936
1123,18.071163
1124,18.810074
1125,2.8428044
1126,-8.840734
1127,-12.825507
1128,-17.601017
1129,-6.208317
1130,11.797268
1131,-17.417665
1132,14.299289
1133,-2.859436
1134,-4.276
1135,-1.5072298
1136,-0.06298201
1137,0.44673052
1138,6.928908
1139,19.049332
1140,8.215467
1141,5.6324444
1142,7.5403466
1143,-11.673633
1144,-5.736112
1145,-3.468312
1146,10.637857
1147,11.263925
1148,1.7475762
1149,5.8729653
1150,-6.3644476
1151,7.1346793
1152,-18.18216
1153,20.822128
1154,-4.746909
1155,-10.571412
1156,-6.653588
1157,5.087763
1158,7.353865
1159,-10.888622
1160,-10.799775
1161,13.949254
1162,-7.2959733
1163,19.436039
1164,0.22184455
1165,16.287594
1166,4.672711
1167,15.382525
1168,7.957092
1169,1.8945687
1170,20.75386
1171,6.447592
1172,5.827334
1173,-7.7935157
1174,-6.29398
1175,-0.18022305
1176,-5.045645
1177,-4.1383157
1178,6.9068074
1179,-4.806974
1180,-1.8362947
1181,9.167035
1182,-6.0601707
1183,6.689448
1184,-2.6769092
1185,-4.4141307
1186,-5.52154
1187,-10.044084
1188,10.062626
1189,-2.7086122
1190,3.0964177
1191,-2.146795
1192,4.4860187
1193,-7.911616
1194,7.130858
1195,-10.625716
1196,5.5708
1197,-21.503513
1198,-23.50831
1199,-11.566083
1200,20.07264
1201,-1.4712667
1202,-1.7986891
1203,-6.644777
1204,18.142677
1205,8.798112
1206,-2.699527
1207,6.566382
1208,5.8260055
1209,8.518241
1210,-9.337504
1211,-2.0688307
1212,21.48865
1213,8.928769
1214,8.966126
1215,19.277199
1216,-11.585295
1217,1.4099703
1218,12.765108
1219,13.22088
1220,-17.031631
1221,9.315362
1222,2.2698393
1223,3.0412464
1224,-9.777099
1225,0.26027286
1226,16.610601
1227,-1.4577816
1228,-13.493368
1229,4.094626
1230,-0.2899859
1231,10.301542
1232,16.23611
1233,3.7583039
1234,18.375061
1235,-4.062426
1236,-13.26237
1237,1.119025
1238,4.917543
1239,7.418605
1240,9.378462
1241,-4.9414163
1242,-3.565704
1243,-14.294277
1244,-1.189219
1245,-0.84932154
1246,8.115745
1247,9.224639
1248,9.984323
1249,-9.05521
1250,-0.11789669
1251,4.115663
1252,-6.4356923
1253,-14.521178
1254,5.5061097
1255,-10.245716
1256,11.4506445
1257,7.672424
1258,9.322518
1259,-7.518293
1260,-4.2649198
1261,-5.606648
1262,-13.021575
1263,-8.758469
1264,-5.4448504
1265,-9.416172
1266,10.444232
1267,8.460328
1268,12.961387
1269,6.536657
1270,11.893677
1271,-11.5128565
1272,-6.5699325
1273,-11.18555
1274,14.542184
1275,-3.125198
1276,-12.396316
1277,8.034761
1278,12.663302
1279,1.1376438
1280,8.012394
1281,7.0920296
1282,5.3270774
1283,6.7726665
1284,9.141765
1285,-8.251326
1286,15.883603
1287,-12.328057
1288,3.6773105
1289,8.491214
1290,2.6060169
1291,10.013946
1292,8.988795
1293,-15.580525
1294,14.341899
1295,0.52458304
1296,7.5292964
1297,-11.421894
1298,-6.0856442
1299,-0.5457026
1300,-12.934895
1301,-8.687261
1302,11.017688
1303,12.978588
1304,-8.266921
1305,3.4473174
1306,-13.853303
1307,-13.490994
1308,7.219132
1309,11.537795
1310,-0.26229247
1311,-18.307375
1312,-10.089813
1313,5.4441986
1314,-13.509324
1315,-11.034947
1316,5.771159
1317,16.915638
1318,-2.9602616
1319,-12.629945
1320,-8.40269
1321,7.62323
1322,-5.825997
1323,2.1878765
1324,2.9142075
1325,-3.1606054
1326,3.1513948
1327,7.145082
1328,-16.013748
1329,1.5366211
1330,20.697819
1331,9.413775
1332,-6.3853245
1333,-6.0709987
1334,31.609898
1335,-5.061525
1336,3.9275072
1337,-14.664746
1338,-6.322879
1339,7.392416
1340,6.9727216
1341,6.87378
1342,4.6636877
1343,-10.47667
1344,0.8755482
1345,-10.03101
1346,-3.0732524
1347,15.518233
1348,13.490928
1349,10.747459
1350,-11.996299
1351,12.613896
1352,-13.341362
1353,-22.976255
1354,-6.4061146
1355,6.720626
1356,-7.6010404
1357,-15.398105
1358,12.688534
1359,4.035855
1360,8.471449
1361,4.529222
1362,3.805346
1363,-7.799385
1364,-0.28917217
1365,-0.49757802
1366,7.8156505
1367,3.761315
1368,6.5769706
1369,-12.468019
1370,1.3778317
1371,23.80558
1372,14.510446
1373,-1.1098979
1374,19.554356
1375,12.323981
1376,-4.6549993
1377,19.06532
1378,7.9699636
1379,4.5520644
1380,10.205993
1381,3.0238225
1382,13.369179
1383,12.134328
1384,-6.625895
1385,11.281167
1386,-4.209101
1387,12.723652
1388,16.406343
1389,2.1284604
1390,-14.608506
1391,-0.8191026
1392,15.63452
1393,-4.6496043
1394,5.970245
1395,11.157748
1396,0.15030812
1397,-13.870759
1398,10.2217245
1399,-5.8834634
1400,-8.250965
1401,-5.9665723
1402,0.7266082
1403,-7.626449
1404,4.7080755
1405,-8.933621
1406,-7.0064163
1407,23.822227
1408,-8.733285
1409,-9.503682
1410,-8.599267
1411,-7.927461
1412,-3.1710851
1413,8.199025
1414,-0.26625046
1415,-4.782168
1416,2.0937147
1417,6.668113
1418,-4.411765
1419,10.996348
1420,2.1283743
1421,-5.161222
1422,3.0311036
1423,9.954608
1424,-7.4828515
1425,10.9873495
1426,-6.572284
1427,-5.6736846
1428,13.615571
1429,1.276041
1430,13.211005
1431,-9.139476
1432,6.29309
1433,8.942269
1434,5.323343
1435,-12.816628
1436,0.4066509
1437,-16.318562
1438,3.9925754
1439,-11.751661
1440,4.1702056
1441,-6.014526
1442,6.4067793
1443,-2.8733842
1444,-11.544104
1445,-1.4101729
1446,12.42677
1447,19.35664
1448,10.066248
1449,7.876752
1450,1.4600427
1451,10.98573
1452,24.626823
1453,-9.989892
1454,8.938315
1455,-0.9614609
1456,4.4301553
1457,-6.6311784
1458,11.369544
1459,9.144997
1460,20.629478
1461,16.41481
1462,-9.529352
1463,-19.866314
1464,-12.826654
1465,-9.509393
1466,1.106879
1467,-10.624366
1468,10.333789
1469,-7.468732
1470,-14.142864
1471,-2.0071476
1472,13.451213
1473,15.163768
1474,7.9454
1475,6.4006944
1476,-6.7960305
1477,-2.9888315
1478,7.740833
1479,-14.411033
1480,7.6239023
1481,-4.839709
1482,-8.085851
1483,11.788167
1484,10.630345
1485,14.868613
1486,-5.034994
1487,0.3403331
1488,-0.3657313
1489,6.693728
1490,-10.526004
1491,9.2585745
1492,-7.571831
1493,-10.70007
1494,0.42885068
1495,12.118021
1496,10.602826
1497,1.4606221
1498,-6.5567102
1499,0.35348615
1500,-10.495547
1501,-14.683093
1502,5.371739
1503,-13.280018
1504,-8.690886
1505,-3.3958323
1506,4.1999164
1507,30.546516
1508,-5.6564174
1509,-6.183942
1510,-0.8122792
1511,-8.506541
1512,-8.692601
1513,-0.9335931
1514,8.310132
1515,-2.0935528
1516,-2.7793472
1517,-3.604729
1518,-14.350287
1519,-4.0705667
1520,10.078479
1521,-14.966453
1522,23.06194
1523,1.7418194
1524,3.024811
1525,-4.764333
1526,-13.175134
1527,9.595309
1528,16.213303
1529,-4.836075
1530,-7.3677936
1531,-2.3234587
1532,-1.882446
1533,-5.184799
1534,-5.2873564
1535,-7.703077
1536,-10.47133
1537,18.294361
1538,2.725961
1539,5.214166
1540,-15.539514
1541,-7.695074
1542,17.209053
1543,-10.185056
1544,-4.324227
1545,-7.010837
1546,3.2831464
1547,9.624869
1548,2.0085716
1549,6.2869234
1550,10.836135
1551,8.284808
1552,-14.146167
1553,10.162788
1554,-4.736703
1555,6.7164435
1556,4.947548
1557,0.24155396
1558,-5.477271
1559,17.6522
1560,23.163437
1561,-15.501859
1562,-11.56569
1563,-4.3815217
1564,-2.9604702
1565,-10.235829
1566,3.399989
1567,2.9113357
1568,9.469855
1569,5.2589574
1570,-7.685134
1571,16.063143
1572,30.639557
1573,-22.234344
1574,5.247364
1575,-3.4339075
1576,-11.121375
1577,8.604445
1578,4.2562633
1579,-16.769642
1580,7.1445847
1581,-4.6007724
1582,11.214183
1583,7.9030433
1584,10.05921
1585,-8.39712
1586,-4.7841787
1587,-7.474165
1588,-6.7551966
1589,10.285428
1590,-8.29091
1591,9.526611
1592,-12.336513
1593,8.928307
1594,12.678687
1595,-9.474972
1596,-5.692308
1597,-8.318308
1598,18.51776
1599,9.043727
1600,-7.5164943
1601,1.104162
1602,-3.7163262
1603,-5.165912
1604,-1.8830936
1605,1.9367986
1606,3.9415224
1607,-18.336437
1608,13.816089
1609,2.4231012
1610,2.6334853
1611,4.523726
1612,-3.9829762
1613,-3.7809472
1614,-7.399604
1615,-7.320148
1616,8.806239
1617,8.817631
1618,18.955873
1619,-4.0871944
1620,-11.688676
1621,8.321299
1622,25.942095
1623,7.207188
1624,-8.155413
1625,-6.81061
1626,1.7209463
1627,9.191318
1628,4.1693087
1629,-17.078913
1630,8.030695
1631,7.658921
1632,-1.8046367
1633,12.689996
1634,-3.875527
1635,-1.6088302
1636,-6.7068763
1637,20.485031
1638,-2.854871
1639,3.163606
1640,10.276576
1641,-0.8902808
1642,-8.046517
1643,3.2990801
1644,-6.8206015
1645,13.815228
1646,-3.7615783
1647,-4.897493
1648,19.558563
1649,7.928421
1650,9.813855
1651,4.183178
1652,16.189053
1653,-5.573509
1654,3.633385
1655,2.330115
1656,-9.110661
1657,-9.178498
1658,9.480814
1659,-1.959914
1660,12.095855
1661,19.304743
1662,5.6270423
1663,9.917188
1664,-3.798497
1665,17.749989
1666,-6.126077
1667,8.621015
1668,4.3661737
1669,-7.129573
1670,7.25679
1671,-18.17598
1672,14.523513
1673,-13.234325
1674,5.097607
1675,-10.947558
1676,-15.1263485
1677,13.415326
1678,-7.4229264
1679,-0.5752884
1680,-6.004214
1681,-1.3734877
1682,-12.932458
1683,-7.243861
1684,-9.770989
1685,-1.529769
1686,-3.2041929
1687,-4.701292
1688,-8.94581
1689,5.051156
1690,-15.93879
1691,7.2385798
1692,0.20256178
1693,-8.044846
1694,-14.755845
1695,-6.473821
1696,3.8120036
1697,-4.036574
1698,9.989352
1699,9.07285
1700,12.052007
1701,-10.773053
1702,7.12742
1703,7.190104
1704,-2.1219733
1705,5.6288056
1706,5.20245
1707,-10.192323
1708,-6.9988575
1709,-6.543135
1710,-12.704242
1711,8.864697
1712,-10.024283
1713,2.601392
1714,-8.195903
1715,4.7278457
1716,-16.333942
1717,5.1705217
1718,13.701586
1719,4.7710195
1720,-14.112769
1721,15.067884
1722,-9.996324
1723,-12.802495
1724,-4.2305417
1725,-8.127778
1726,4.8650446
1727,-2.4120147
1728,7.073049
1729,18.555433
1730,-4.354843
1731,-4.6485715
1732,-10.950402
1733,13.796748
1734,11.546546
1735,-1.6043606
1736,-8.758506
1737,-15.246453
1738,7.7633495
1739,-1.3888278
1740,-14.346704
1741,-9.03115
1742,10.582469
1743,23.390854
1744,6.976682
1745,2.7065103
1746,-5.4780717
1747,-12.117593
1748,13.751567
1749,2.4726741
1750,14.679315
1751,-14.717288
1752,14.81757
1753,-10.776309
1754,-15.159299
1755,7.337809
1756,-3.6709166
1757,-4.7010446
1758,-10.643348
1759,0.9045661
1760,20.743736
1761,-9.626353
1762,-13.130428
1763,-2.912503
1764,-7.572472
1765,-13.549474
1766,10.820388
1767,-3.8007634
1768,4.5298
1769,-7.2548947
1770,-14.196716
1771,20.951717
1772,8.559094
1773,7.6909614
1774,14.078874
1775,26.79617
1776,11.384136
1777,-0.7060872
1778,3.3677094
1779,29.892239
1780,-10.563458
1781,5.388082
1782,-7.1900163
1783,4.8222165
1784,3.873131
1785,13.10011
1786,1.2312832
1787,-13.349505
1788,2.8190482
1789,-12.327237
1790,7.0991406
1791,-18.92202
1792,8.153073
1793,4.2496796
1794,-6.7534175
1795,17.944572
1796,2.3142533
1797,12.320327
1798,-14.1010065
1799,9.955478
1800,-6.0903177
1801,33.43745
1802,5.7435446
1803,-11.773534
1804,1.485426
1805,28.9109
1806,3.7032797
1807,4.024096
1808,3.178728
1809,-7.8145204
1810,17.263535
1811,14.795953
1812,-3.4760635
1813,6.490724
1814,-1.6765602
1815,-12.064796
1816,-12.477608
1817,-7.2803774
1818,7.9718795
1819,-12.468151
1820,-12.219022
1821,0.93458134
1822,20.17533
1823,5.423073
1824,-11.654468
1825,12.124183
1826,4.6695476
1827,0.7850163
1828,-14.253995
1829,4.4789224
1830,8.19177
1831,1.8569114
1832,5.6697755
1833,18.491028
1834,0.87864935
1835,-6.35531
1836,8.052606
1837,-4.867959
1838,8.556723
1839,-6.935729
1840,-2.0779161
1841,-9.039895
1842,10.4711485
1843,-20.272896
1844,6.0088415
1845,23.610685
1846,-0.10121557
1847,-5.79831
1848,-7.2308545
1849,16.493584
1850,-11.426225
1851,0.35800123
1852,9.731799
1853,-0.16497536
1854,9.684947
1855,-3.3363836
1856,-10.379453
1857,-4.260411
1858,6.330755
1859,4.8528566
1860,12.056266
1861,3.815882
1862,20.103725
1863,10.734791
1864,-13.063777
1865,-19.126215
1866,17.00771
1867,4.256227
1868,-4.3380947
1869,-2.408942
1870,-4.1788774
1871,12.186778
1872,-6.2449565
1873,-1.4165912
1874,-3.6521032
1875,6.8860135
1876,4.685241
1877,-11.704964
1878,4.592196
1879,-3.893659
1880,-5.3322625
1881,-2.913855
1882,-11.657676
1883,14.219496
1884,5.57655
1885,18.458609
1886,0.057800338
1887,-4.1132665
1888,10.858081
1889,-12.787086
1890,-4.051621
1891,-1.3728051
1892,4.042104
1893,-10.631488
1894,-12.906627
1895,-6.5313673
1896,12.111646
1897,0.63116825
1898,2.2116466
1899,11.886651
1900,1.587192
1901,19.578297
1902,-12.232911
1903,6.567579
1904,14.390456
1905,6.22064
1906,4.7477565
1907,22.058613
1908,17.00219
1909,-12.118859
1910,-5.536347
1911,-10.719571
1912,7.8375554
1913,3.3075235
1914,1.5713134
1915,-17.96603
1916,11.209462
1917,9.014822
1918,-6.931351
1919,10.619094
1920,16.768856
1921,7.8915477
1922,2.2078826
1923,-18.57851
1924,-6.655139
1925,-7.5911403
1926,15.636058
1927,8.232121
1928,-1.5508606
1929,0.58555216
1930,24.75251
1931,5.304959
1932,-5.8820825
1933,-7.8443985
1934,-14.730031
1935,-15.628851
1936,0.5347757
1937,-11.12606
1938,-13.738399
1939,-4.622289
1940,-9.88903
1941,-3.9694712
1942,-5.3600383
1943,12.836829
1944,8.189403
1945,7.0224557
1946,-11.368514
1947,-0.34041032
1948,-6.6620145
1949,3.8920238
1950,-2.227031
1951,11.345174
1952,-4.875645
1953,13.217675
1954,9.508097
1955,9.394317
1956,5.6483254
1957,-7.360188
1958,-2.690978
1959,2.1466665
1960,5.36358
1961,-9.175226
1962,-8.539038
1963,10.0681
1964,-14.601056
1965,8.877267
1966,-6.5662932
1967,-11.956025
1968,-7.509047
1969,8.198495
1970,6.7371573
1971,8.02931
1972,-14.953931
1973,13.703431
1974,-6.9790454
1975,4.4984484
1976,-16.921335
1977,-12.2825165
1978,12.743196
1979,-13.797591
1980,-1.767818
1981,2.1639392
1982,-4.338357
1983,7.1098266
1984,-6.4985504
1985,-5.6852612
1986,-8.441445
1987,-7.9431586
1988,-1.7766683
1989,-2.2373755
1990,-2.704087
1991,13.8517065
1992,12.742153
1993,10.62708
1994,2.7657955
1995,-12.2467165
1996,-11.238904
1997,0.0024980307
1998,-4.6093097
1999,16.489666
2000,8.949827
2001,-3.1079457
2002,-11.400802
2003,-16.066116
2004,-5.795243
2005,-12.826112
2006,-2.4173267
2007,-7.683688
2008,-6.0169463
2009,-8.3266115
2010,-1.7097814
2011,14.137946
2012,-12.407124
2013,24.876143
2014,14.151036
2015,-1.0975835
2016,-13.04952
2017,-16.04241
2018,8.937314
2019,-4.705067
2020,27.104813
2021,5.023873
2022,-6.94985
2023,9.571452
2024,4.9433
2025,10.740142
2026,-11.16721
2027,-10.370085
2028,2.9148374
2029,2.2790036
2030,12.728272
2031,15.327104
2032,-9.325717
2033,-0.08502145
2034,-16.13596
2035,16.98714
2036,-15.148146
2037,-14.719678
2038,5.562629
2039,6.992579
2040,-5.4353294
2041,-4.735926
2042,6.2754993
2043,-2.5487373
2044,0.3257859
2045,-1.5983481
2046,0.54472727
2047,-18.879597
2048,7.7481275
2049,-9.255839
2050,-2.2751062
2051,-3.8572075
2052,-5.2741637
2053,-10.629823
2054,15.471937
2055,-4.150826
2056,7.7490172
2057,24.543737
2058,-11.948729
2059,11.614335
2060,21.481165
2061,-3.0257738
2062,-10.629118
2063,-2.424936
2064,8.104965
2065,-6.1233907
2066,11.00827
2067,-4.124171
2068,-3.717691
2069,-0.546883
2070,7.614221
2071,1.4698422
2072,9.119891
2073,9.755902
2074,9.150605
2075,-11.570941
2076,12.54097
2077,10.156898
2078,-6.177111
2079,8.191891
2080,8.356161
2081,5.7536397
2082,11.535659
2083,-12.023789
2084,-9.68862
2085,3.4824693
2086,-11.210284
2087,15.658352
2088,-6.6888366
2089,-1.0419352
2090,2.8769934
2091,-6.9928603
2092,5.473132
2093,-2.8289275
2094,-3.4455
2095,-2.4630508
2096,16.632486
2097,11.09148
2098,6.4046464
2099,-7.9741073
2100,3.7252486
2101,13.226883
2102,11.280993
2103,1.6305876
2104,-2.2886703
2105,-5.3825755
2106,5.2611346
2107,-11.041669
2108,2.26488
2109,-1.501771
2110,-9.958493
2111,8.101469
2112,21.30475
2113,11.463302
2114,-11.464832
2115,-6.647629
2116,5.0561194
2117,-5.037754
2118,-4.8789425
2119,-9.740799
2120,-8.123223
2121,23.016565
2122,3.1384776
2123,13.683335
2124,-12.726012
2125,11.655742
2126,-0.9709801
2127,-6.5347867
2128,17.3416
2129,0.012580603
2130,-6.8833375
2131,18.096766
2132,-9.855975
2133,-11.368915
2134,-18.585436
2135,-15.255757
2136,-9.47512
2137,29.13836
2138,10.574054
2139,0.3047372
2140,8.330187
2141,2.0443234
2142,13.649695
2143,-1.0505517
2144,-8.939418
2145,-9.451688
2146,8.724905
2147,-20.47936
2148,5.444962
2149,-1.9055488
2150,-2.0919
2151,8.092642
2152,-11.547494
2153,6.0419426
2154,-8.022656
2155,14.017333
2156,-0.3136354
2157,20.176659
2158,-2.932511
2159,-13.7996645
2160,4.672542
2161,11.477411
2162,15.836783
2163,-13.549785
2164,4.4234643
2165,20.154352
2166,-4.230823
2167,10.414634
2168,-11.750882
2169,-1.018959
2170,14.134372
2171,-3.6587913
2172,4.5688777
2173,-3.1156526
2174,1.4948165
2175,6.743858
2176,10.910383
2177,-2.6301372
2178,-9.476857
2179,-3.4778588
2180,-6.253224
2181,0.10135213
2182,-10.944068
2183,1.9128873
2184,15.574751
2185,-15.782206
2186,8.766671
2187,4.5273156
2188,-9.908831
2189,-7.5850854
2190,-17.47298
2191,-1.0842798
2192,8.251439
2193,31.299648
2194,12.847743
2195,-5.678768
2196,0.7240896
2197,-10.501842
2198,-0.16414097
2199,3.2988758
2200,-9.938777
2201,-9.473097
2202,-9.945527
2203,-13.919684
2204,-5.896337
2205,6.405767
2206,-0.0147720575
2207,11.997873
2208,12.686351
2209,-11.505175
2210,7.842633
2211,14.724091
2212,-7.443366
2213,-0.3369819
2214,-0.56625736
2215,-5.441455
2216,-12.004203
2217,4.3948646
2218,8.137374
2219,-12.088247
2220,12.783914
2221,3.6360896
2222,4.2775536
2223,-3.5034127
2224,11.379392
2225,21.01926
2226,12.900181
2227,-10.415923
2228,5.3093915
2229,-8.564488
2230,-1.6922657
2231,3.1563776
2232,2.2451487
2233,-1.5460937
2234,2.293017
2235,-4.0557
2236,15.30536
2237,18.987595
2238,8.943736
2239,6.522344
2240,0.62865216
2241,-6.642687
2242,19.138853
2243,11.736663
2244,-14.08488
2245,2.4588244
2246,9.560189
2247,7.424989
2248,-3.5040078
2249,13.210092
2250,8.704096
2251,-9.066684
2252,6.2849
2253,-6.5449524
2254,-1.1269689
2255,1.6434698
2256,14.530748
2257,-11.837316
2258,15.649379
2259,1.3122876
2260,-16.328924
2261,-7.268145
2262,-12.883315
2263,-0.56925136
2264,12.57834
2265,-6.6174817
2266,4.012208
2267,-0.8258485
2268,12.028649
2269,-7.7826715
2270,4.5883193
2271,-1.1912789
2272,6.4443116
2273,-9.788945
2274,-2.222607
2275,-6.8474584
2276,8.634773
2277,-10.971408
2278,-4.3095784
2279,-9.507495
2280,8.667508
2281,-7.434322
2282,-10.684028
2283,-11.757487
2284,0.67119265
2285,20.916506
2286,-0.87296444
2287,-6.695044
2288,-8.562227
2289,-10.9995
2290,-16.034525
2291,-1.3118832
2292,16.57716
2293,1.3698299
2294,-11.167489
2295,10.808444
2296,13.2726145
2297,-0.4557706
2298,9.763114
2299,11.539769
2300,-9.689518
2301,2.836
2302,3.9342618
2303,-6.4516225
2304,5.288277
2305,26.558872
2306,-1.122591
2307,-4.885122
2308,12.424393
2309,-6.208668
2310,-11.56049
2311,1.464896
2312,13.339507
2313,-14.005435
2314,-0.18696886
2315,1.413841
2316,10.739659
2317,5.261193
2318,8.134889
2319,-0.29817283
2320,-8.744882
2321,2.6473274
2322,9.280456
2323,-9.82506
2324,-7.9996095
2325,-3.45426
2326,7.5900683
2327,7.769508
2328,-17.433517
2329,-15.393262
2330,-10.286235
2331,5.10586
2332,-15.135299
2333,7.6675944
2334,9.1714945
2335,-0.9967845
2336,3.7950075
2337,2.9543548
2338,-2.13142
2339,13.606818
2340,29.896313
2341,0.91922754
2342,0.8939769
2343,2.0890582
2344,-13.947381
2345,-10.451278
2346,-15.090705
2347,-3.3638468
2348,2.5384223
2349,-6.3944726
2350,-10.108949
2351,6.697141
2352,-9.117314
2353,26.607224
2354,12.743701
2355,7.8688607
2356,6.7597365
2357,16.047287
2358,8.995661
2359,3.7421806
2360,9.187531
2361,-10.427761
2362,-6.261833
2363,13.591677
2364,13.524217
2365,-4.5820484
2366,-10.411265
2367,-11.044526
2368,6.804246
2369,-6.4591813
2370,-9.819305
2371,-3.3258874
2372,7.0597596
2373,1.2643785
2374,7.6129107
2375,-4.5223055
2376,-12.521449
2377,1.2744014
2378,-12.905164
2379,4.276609
2380,-15.0345745
2381,-7.9323316
2382,0.46312642
2383,22.409119
2384,-5.986699
2385,9.254378
2386,24.22184
2387,-14.391674
2388,23.686996
2389,-10.621071
2390,11.38575
2391,0.64965695
2392,12.541944
2393,-9.4042425
2394,3.615
2395,-4.813558
2396,-15.625533
2397,11.17772
2398,14.463176
2399,4.414733
2400,22.623417
2401,-3.5721788
2402,1.5399845
2403,-9.254991
2404,-8.438144
2405,2.107683
2406,-1.3708928
2407,3.0588424
2408,-6.38965
2409,0.9575524
2410,2.548857
2411,-8.371509
2412,-2.478081
2413,14.371248
2414,5.641888
2415,-9.275381
2416,-10.4815035
2417,8.851239
2418,-10.656285
2419,21.120739
2420,-11.257745
2421,-6.823064
2422,14.883345
2423,-17.614195
2424,-3.911687
2425,-9.442172
2426,12.041421
2427,-10.197984
2428,7.314319
2429,-2.6843014
2430,5.437315
2431,1.5377069
2432,6.729676
2433,-5.7728105
2434,14.623012
2435,12.204602
2436,-4.8721986
2437,15.079171
2438,-6.579232
2439,-2.6217895
2440,-8.300817
2441,32.36462
2442,-16.438526
2443,10.699918
2444,8.147885
2445,9.054743
2446,19.980461
2447,4.354774
2448,15.791412
2449,-6.875221
2450,-10.673531
2451,-0.17766574
2452,-6.959039
2453,11.428369
2454,6.166483
2455,-12.243786
2456,18.321922
2457,-4.5335584
2458,-6.2562733
2459,10.102301
2460,-16.311916
2461,5.7280664
2462,15.46781
2463,6.1158805
2464,14.310012
2465,18.883713
2466,6.5090327
2467,-11.141089
2468,-9.149318
2469,6.7289805
2470,12.972258
2471,16.17373
2472,0.19761938
2473,-18.969423
2474,12.21435
2475,-16.575867
2476,-7.2998233
2477,-8.458384
2478,11.825458
2479,-11.830239
2480,16.25882
2481,-6.204269
2482,-9.635774
2483,9.327872
2484,3.3798583
2485,-2.4218757
2486,-1.7958646
2487,-3.6479766
2488,6.484651
2489,-4.132133
2490,7.4822874
2491,10.944406
2492,-5.804114
2493,-6.2311063
2494,10.772378
2495,-2.056448
2496,8.659318
2497,13.647087
2498,-8.083339
2499,2.1999323
2500,22.623417
2501,-3.5721788
2502,1.5399845
2503,-9.254991
2504,-8.438144
2505,2.107683
2506,-1.3708928
2507,3.0588424
2508,-6.38965
2509,0.9575524
2510,2.548857
2511,-8.371509
2512,-2.478081
2513,14.371248
2514,5.641888
2515,-9.275381
2516,-10.4815035
2517,8.851239
2518,-10.656285
2519,21.120739
2520,-11.257745
2521,-6.823064
2522,14.883345
2523,-17.614195
2524,-3.911687
2525,-9.442172
2526,12.041421
2527,-10.197984
2528,7.314319
2529,-2.6843014
2530,5.437315
2531,1.5377069
2532,6.729676
2533,-5.7728105
2534,14.623012
2535,12.204602
2536,-4.8721986
2537,15.079171
2538,-6.579232
2539,-2.6217895
2540,-8.300817
2541,32.36462
2542,-16.438526
2543,10.699918
2544,8.147885
2545,9.054743
2546,19.980461
2547,4.354774
2548,15.791412
2549,-6.875221
2550,-10.673531
2551,-0.17766574
2552,-6.959039
2553,11.428369
2554,6.166483
2555,-12.243786
2556,18.321922
2557,-4.5335584
2558,-6.2562733
2559,10.102301
2560,-16.311916
2561,5.7280664
2562,15.46781
2563,6.1158805
2564,14.310012
2565,18.883713
2566,6.5090327
2567,-11.141089
2568,-9.149318
2569,6.7289805
2570,12.972258
2571,16.17373
2572,0.19761938
2573,-18.969423
2574,12.21435
2575,-16.575867
2576,-7.2998233
2577,-8.458384
2578,11.825458
2579,-11.830239
2580,16.25882
2581,-6.204269
2582,-9.635774
2583,9.327872
2584,3.3798583
2585,-2.4218757
2586,-1.7958646
2587,-3.6479766
2588,6.484651
2589,-4.132133
2590,7.4822874
2591,10.944406
2592,-5.804114
2593,-6.2311063
2594,10.772378
2595,-2.056448
2596,8.659318
2597,13.647087
2598,-8.083339
2599,2.1999323
2600,-4.132133
